ポジション名,募集要件
"ファンクションコンサルタント(営業/Eコマース)-song",""
"Customerコンサルタント（オープンポジション）- song",""
"Customerストラテジスト(成長戦略コンサルタント)-song",""
"製品・サービス開発DXコンサルタント/アーキテクト - IND",""
"ファンクションコンサルタント（マーケティング）- song",""
"PRコンサルタント - OPE",""
"人材・組織コンサルタント - BUS",""
"製造プロセスDXコンサルタント/ アーキテクト・エンジニア- IND",""
"テクノロジーコンサルタント（製造・流通領域）- TEC",""
"財務・経営管理コンサルタント（CFO＆EV）- BUS",""
"クラウドアーキテクト / エンジニア / コンサルタント – TEC",""
"サプライチェーン＆オペレーションコンサルタント【マネジャー候補】- BUS",""
"Webシステムエンジニア / Webシステムコンサルタント - song",""
"プロダクトマネジャー - song",""
"プロジェクトマネージャー - OPE",""
"社会インフラ・建設・不動産領域コンサルタント/エンジニア - IND",""
"ソリューション・エンジニア - TEC",""
"システムコンサルタント - TEC",""
"購買・調達担当（スペシャリスト）- CORP",""
"テクノロジーセールス（リセールサポート）- TEC",""
"インダストリーコンサルタント（ライフサイエンス領域）- BUS",""
"ソリューション・エンジニア（金融領域）- TEC",""
"DXソリューションコンサルタント(自動車領域)-IND",""
"テクノロジーコンサルタント（公共サービス・医療健康領域）- TEC",""
"UIUXデザイナー / UIUX Designer - ソング本部",""
"インダストリーコンサルタント（化学領域）- BUS",""
"テクノロジーコンサルタント（通信・メディア・ハイテク領域）- TEC",""
"フィールドコンサルタント – OPE",""
"ファンクションコンサルタント（カスタマーサービス/チェンジマネジメント）- song",""
"データサイエンティスト/データドリブン コンサルタント - AIグループ - BUS",""
"Customer Data＆AI コンサルタント - song",""
"ECエンジニア / ECコンサルタント - song",""
"サーバーサイドリードエンジニア - song",""
"メディアプロモーター - OPE",""
"モバイルエクスペリエンスコンサルタント / エンジニア - TEC",""
"法務・コンプライアンス担当（シニア・アナリスト）-CORP",""
"M&Aコンサルタント - BUS",""
"テクノロジープラットフォーム戦略コンサルタント – TEC",""
"デジタル・テクノロジーアーキテクト - TEC",""
"BC(SAP)",""
"仙台オープンポジション - TEC",""
"マーケティングシステムエンジニア / マーケティングシステムコンサルタント - song",""
"BC(IT)",""
"BC(クリエイティブ)",""
"クオリティ&テスティングコンサルタント / エンジニア - TEC",""
"BC(文系)",""
"テクノロジーコンサルタント（インテグレーションアーキテクト）-TEC",""
"BC(半導体)",""
"KPMG_宇宙",""
"BC(ポテンシャル)",""
"BC(プロディース部)",""
"dirbato",""
"BC(不動産)",""
"インダストリーコンサルタント（石油・エネルギー領域）-BUS",""
"テクノロジーコンサルタント（サプライチェーン&オペレーション）-TEC",""
"インダストリーコンサルタント（素材領域）-BUS",""
"インダストリーコンサルタント（カスタマーフロント）【金融サービス領域】- song",""
"BC(事務職)",""
"リスク&コンプライアンスコンサルタント(CFO&EV)-BUS",""
"AC(IT)",""
"フロントエンドエンジニア - OPE",""
"インダストリーコンサルタント（電力・ガス領域）- BUS",""
"インダストリーコンサルタント（銀行領域）- BUS",""
"インダストリーコンサルタント（保険領域）- BUS",""
"ソフトウェアエンジニア（Java）- TEC",""
"インダストリーコンサルタント（公共サービス領域）- BUS",""
"Salesforce コンサルタント / エンジニア - TEC",""
"インダストリーコンサルタント（通信・メディア領域）- BUS",""
"BC（FAS）",""
"品質管理エキスパート（CQA）- テクノロジー コンサルティング本部 (QE&A)",""
"インフラエンジニア",""
"サステナビリティコンサルタント - ビジネス コンサルティング本部",""
"AIエンジニア - TEC (Data&AI)",""
"インダストリーコンサルタント（証券領域）- BUS",""
"インダストリーコンサルタント（消費財・サービス領域）-BUS",""
